Budget,VarianceGreedy_mean,VarianceGreedy_std,Random_mean,Random_std
5,0.5296605515821066,0.12479039675941558,0.7005415680640589,0.23790664147761684
10,0.24689355956756226,0.07963960922819756,0.3862971996497829,0.14602027651320607
20,0.14582136471205087,0.023357829416293864,0.26408075762904815,0.08256944705973744
40,0.13047132997101565,0.01903908307701752,0.14413355681540346,0.011453476972387503
80,0.121354241864287,0.017404119922927105,0.12348403925534528,0.0210229849257382
